timestamp,min_price,median,quantity
24011620,5999989,5999989,1
24011621,5999989,5999989,1
24011622,5999989,5999989,1
24011623,5999989,5999989,1
24011700,5999989,5999989,1
24011701,5999989,5999989,1
24011702,5999989,5999989,1
24011703,5900000,5900000,3
24011704,5900000,5900000,3
24011705,5900000,5900000,3
24011706,5900000,5900000,3
24011707,5900000,5900000,3
24011708,5900000,5900000,3
24011709,5900000,5900000,3
24011710,5900000,5900000,4
24011711,5900000,5900000,4
24011712,5900000,5900000,4
24011713,5900000,5900000,4
24011714,5900000,5900000,5
24011715,5900000,5900000,5
24011716,5900000,5900000,7
24011717,5900000,5900000,7
24011718,5900000,5900000,7
24011719,5900000,5900000,8
24011720,5900000,5900000,8
24011721,1000000,5900000,12
24011722,990000,5900000,14
24011723,990000,5900000,14
24011800,990000,5900000,14
24011801,990000,5900000,14
24011802,990000,5900000,14
24011803,990000,5900000,13
24011804,990000,5900000,14
24011805,990000,5900000,14
24011806,990000,5900000,15
24011807,990000,5900000,15
24011808,990000,5900000,15
24011809,990000,5900000,13
24011810,990000,5900000,12
24011811,990000,5900000,12
24011812,900000,3450000,12
24011813,900000,1000000,13
24011814,500000,1000000,13
24011815,500000,1000000,13
24011816,500000,1000000,13
24011817,500000,1000000,13
24011818,500000,1000000,13
24011819,500000,995000,12
24011820,499000,990000,13
24011821,499000,900000,12
24011822,499000,900000,13
24011823,90099,500000,15
24011900,90099,500000,15
24011901,90099,500000,16
24011902,90099,500000,17
24011903,90099,500000,17
24011904,90099,500000,17
24011905,90099,500000,17
24011906,90099,500000,17
24011907,90099,500000,17
24011908,90099,500000,17
24011909,90099,500000,17
24011910,90099,500000,17
24011911,90099,499500,18
24011912,90099,499000,19
24011913,90099,499000,18
24011914,90099,499000,19
24011915,90099,499000,19
24011916,49999,499000,20
24011917,49999,499000,20
24011918,49999,499000,20
24011919,49999,499000,20
24011920,49999,499000,21
24011921,49999,499000,19
24011922,49999,157700,17
24011923,49999,499000,15
24012000,49999,328350,16
24012001,49999,328350,16
24012002,49999,328350,16
24012003,49998,123899,18
24012004,49998,90099,17
24012005,49998,90099,17
24012006,49998,90099,17
24012007,25000,90099,18
24012008,25000,90099,19
24012009,25000,90099,19
24012010,25000,90099,20
24012011,25000,90099,20
24012012,25000,90099,19
24012013,4999,90099,19
24012014,4999,70049,18
24012015,4999,70049,18
24012016,25000,49998,19
24012017,12500,49998,21
24012018,12500,37499,20
24012019,12500,25000,21
24012020,12500,25000,19
24012021,12500,25000,19
24012022,12500,25000,19
24012023,12500,25000,19
24012100,12500,25000,19
24012101,12500,25000,18
24012102,12500,25000,17
24012103,12500,25000,17
24012104,12500,25000,17
24012105,12500,25000,17
24012106,12500,25000,17
24012107,12500,25000,16
24012108,12500,25000,16
24012109,12500,25000,17
24012110,12500,25000,16
24012111,12500,25000,16
24012112,12500,25000,15
24012113,12500,25000,15
24012114,12500,25000,15
24012115,10000,25000,15
24012116,10000,12500,15
24012117,10000,12500,15
24012118,10000,12500,16
24012119,10000,12500,16
24012120,10000,12500,16
24012121,9900,12500,17
24012122,9900,12500,16
24012123,9900,12500,16
24012200,9900,12500,17
24012201,9900,12500,17
24012202,9899,12500,17
24012203,9899,12500,15
24012204,9899,12500,15
24012205,9899,12500,15
24012206,9899,12500,15
24012207,9899,12500,15
24012208,9899,12500,15
24012209,9899,12500,15
24012210,9899,11250,16
24012211,9899,11250,16
24012212,9898,11250,16
24012213,9898,10000,17
24012214,9898,10000,19
24012215,9898,10000,19
24012216,9898,9900,18
24012217,9898,9899,18
24012218,9898,9899,17
24012219,9800,9898,20
24012220,9800,9898,19
24012221,9800,9898,18
24012222,9800,9898,20
24012223,9702,9898,21
24012300,9702,9898,21
24012301,5002,9898,22
24012302,5002,9898,22
24012303,5002,9898,22
24012304,5002,9898,21
24012305,5002,9849,20
24012306,5002,9800,21
24012307,5002,9800,21
24012308,5002,9800,21
24012309,5002,9800,20
24012310,5002,9800,20
24012311,5002,9800,21
24012312,5002,9800,20
24012313,5002,9800,21
24012315,3550,9800,22
24012316,3550,9800,22
24012317,3550,9800,21
24012318,3550,9702,21
24012319,3550,9702,21
24012320,3550,9702,21
24012321,3550,9702,21
24012322,3550,9702,20
24012323,3550,9702,19
24012400,3550,9702,19
24012401,3550,9702,19
24012402,3550,5002,21
24012403,3550,5002,21
24012404,3550,5002,21
24012405,3550,5002,21
24012406,3550,7352,20
24012407,3549,5002,21
24012408,3549,5002,21
24012409,3549,5002,21
24012410,3549,5002,20
24012411,3549,5002,20
24012412,3549,5002,21
24012413,3549,5002,21
24012414,3549,3550,21
24012415,3549,3550,21
24012416,3549,3550,21
24012417,3549,4276,20
24012418,3549,4276,20
24012419,3549,4276,20
24012420,3549,3550,17
24012421,3549,3550,18
24012422,3549,3550,18
24012423,3549,3550,17
24012500,3549,3549,15
24012501,3549,3549,14
24012502,3549,3549,14
24012503,3549,3549,15
24012504,3549,3549,15
24012505,3549,3549,15
24012506,3549,3549,15
24012507,3549,3549,15
24012508,3549,3549,15
24012509,3549,3549,15
24012510,3549,3549,15
24012511,3549,3549,15
24012512,3549,3549,15
24012513,3549,3549,15
24012514,3549,3549,12
24012515,3549,3549,12
24012516,3549,3549,13
24012517,3549,3549,13
24012518,3549,3549,13
24012519,3549,3549,15
24012520,3549,3549,15
24012521,3549,3549,15
24012522,3549,3549,15
24012523,3549,3549,14
24012600,3549,3549,14
24012601,3549,3549,14
24012602,3549,3549,12
24012603,3549,3549,12
24012604,3549,3549,12
24012605,3549,3549,12
24012606,3549,3549,12
24012607,3549,3549,10
24012608,3549,3549,10
24012609,3549,3549,10
24012610,3549,3549,8
24012611,3549,3549,8
24012612,3549,3549,8
24012613,3549,3549,8
24012614,3549,3549,8
24012615,3549,3549,7
24012616,3549,3549,7
24012617,3549,3549,8
24012618,3549,3549,8
24012619,3549,3549,7
24012620,3549,3549,7
24012621,3549,3549,7
24012622,3549,3549,7
24012623,3549,3549,7
24012700,3549,3549,6
24012701,3549,3549,6
24012702,3549,3549,5
24012703,3549,3549,6
24012704,3549,3549,7
24012705,3549,3549,7
24012706,3549,3549,7
24012707,3549,3549,7
24012708,3549,3549,7
24012709,3549,3549,7
24012710,3549,3549,8
24012711,3549,3549,8
24012712,3549,3549,8
24012713,3549,3549,8
24012714,3549,3549,10
24012715,3549,3549,10
24012716,3549,3549,8
24012717,1510,3549,10
24012718,1510,3549,11
24012719,1510,3549,11
24012720,1510,3549,10
24012721,1510,3549,11
24012722,1510,3549,11
24012723,1510,3549,11
24012800,1510,3549,11
24012801,1510,3549,11
24012802,1510,3549,11
24012803,1510,3549,11
24012804,1510,3549,11
24012805,1510,3549,11
24012806,1510,3549,11
24012807,1510,3549,11
24012808,1510,3549,11
24012809,1510,3549,11
24012810,1510,3549,10
24012811,1510,3549,11
24012812,1510,2529,12
24012813,1510,2529,12
24012814,1510,2529,12
24012815,1510,3549,13
24012816,1510,3549,13
24012817,1510,2529,12
24012818,1510,2529,12
24012819,1510,2529,12
24012820,1510,2529,12
24012821,1510,2529,12
24012822,1510,2529,12
24012823,1510,2529,12
24012900,1510,2529,12
24012901,1510,1510,13
24012902,1510,1510,13
24012903,1510,1510,12
24012904,1510,1510,12
24012905,1510,1510,12
24012906,1510,1510,12
24012907,1510,1510,12
24012908,1510,1510,12
24012909,1510,1510,12
24012910,1510,1510,12
24012911,1510,1510,12
24012912,1510,1510,11
24012913,1510,1510,12
24012914,1510,1510,10
24012915,1510,1510,9
24012916,1510,1510,11
24012917,1510,1510,9
24012918,1510,1510,7
24012919,1510,1510,7
24012920,1510,1510,7
24012921,1510,1510,6
24012922,1510,1510,6
24012923,1510,1510,6
24013000,1510,1510,6
24013001,1510,1510,8
24013002,1510,1510,10
24013003,1510,1510,10
24013004,1510,1510,10
24013005,1510,1510,10
24013006,1510,1510,10
24013007,1510,1510,10
24013008,1510,1510,10
24013009,1510,1510,10
24013010,1510,1510,10
24013011,1510,1510,10
24013012,1510,1510,9
24013013,1510,1510,9
24013014,1510,1510,9
24013015,1510,1510,9
24013016,1510,1510,8
24013017,1510,1510,7
24013018,1510,1510,7
24013019,1510,1510,9
24013020,1510,1510,9
24013021,1510,1510,9
24013022,1510,1510,9
24013023,1510,1510,9
24013100,1510,1510,9
24013101,1510,1510,9
24013102,1510,1510,8
24013103,1510,1510,8
24013104,1510,1510,8
24013105,1510,1510,8
24013106,1510,1510,8
24013107,1510,1510,8
24013108,1510,1510,8
24013109,1510,1510,8
24013110,1510,1510,8
24013111,1510,1510,8
24013112,1510,1510,8
24013113,1510,1510,8
24013114,1510,1510,8
24013115,1510,1510,8
24013116,1510,1510,7
24013117,1510,1510,7
24013118,1510,1510,7
24013119,1510,1510,7
24013120,1510,1510,7
24013121,1510,1510,8
24013122,1510,1510,8
24013123,1510,1510,8
24020100,1510,1510,8
24020101,1510,1510,6
24020102,1510,1510,4
24020103,1510,1510,4
24020104,1510,1510,4
24020105,1510,1510,4
24020106,1510,1510,4
24020107,1510,1510,4
24020108,410,1510,5
24020109,410,1510,6
24020110,410,1510,6
24020111,400,1510,7
24020112,400,960,8
24020113,400,410,9
24020114,400,410,9
24020115,400,410,9
24020116,400,410,9
24020117,400,410,9
24020118,400,405,8
24020119,400,405,8
24020120,400,405,8
24020121,400,405,8
24020122,400,405,8
24020123,400,405,8
24020200,400,405,8
24020201,400,405,8
24020202,400,405,8
24020203,400,405,8
24020204,400,405,8
24020205,400,400,9
24020206,400,400,9
24020207,400,400,9
24020208,400,400,9
24020209,400,400,8
24020210,400,400,8
24020211,400,400,8
24020212,400,400,9
24020213,400,400,8
24020214,400,400,8
24020215,400,400,8
24020216,400,400,9
24020217,400,400,9
24020218,400,400,8
24020219,400,400,8
24020220,400,400,8
24020221,400,400,7
24020222,400,400,7
24020223,400,400,7
24020300,400,400,7
24020301,400,400,7
24020302,400,400,7
24020303,400,400,7
24020304,400,400,7
24020305,400,400,8
24020306,400,400,8
24020307,400,400,8
24020308,400,400,7
24020309,400,400,7
24020310,400,400,7
24020311,200,400,8
24020312,200,400,8
24020313,200,400,7
24020314,200,400,7
24020315,200,400,7
24020316,200,400,7
24020317,200,400,7
24020318,200,400,7
24020319,200,400,7
24020320,200,400,7
24020321,200,400,7
24020322,200,400,7
24020323,200,400,7
24020400,200,400,7
24020401,200,400,7
24020402,200,400,7
24020403,200,400,7
24020404,200,400,7
24020405,200,400,6
24020406,200,400,6
24020407,200,400,6
24020408,200,400,6
24020409,200,400,8
24020410,200,400,8
24020411,200,400,7
24020412,200,200,6
24020413,200,200,9
24020414,200,200,9
24020415,200,200,9
24020416,200,200,9
24020417,200,200,9
24020418,200,200,9
24020419,200,200,9
24020420,200,200,9
24020421,200,200,9
24020422,50,200,10
24020423,200,200,9
24020500,200,200,9
24020501,200,200,9
24020502,200,200,9
24020503,200,200,9
24020504,200,200,8
24020505,200,200,8
24020506,200,200,8
24020507,200,200,8
24020508,200,200,8
24020509,200,200,8
24020510,200,200,8
24020511,200,200,7
24020512,200,200,7
24020513,200,200,7
24020514,200,200,7
24020515,200,200,7
24020516,200,200,7
24020517,200,200,7
24020518,200,200,7
24020519,200,200,7
24020520,200,200,7
24020521,200,200,7
24020522,200,200,7
24020523,200,200,7
24020600,200,200,7
24020601,200,200,7
24020602,200,200,7
24020603,200,200,8
24020604,200,200,8
24020605,200,200,8
24020606,200,200,8
24020607,200,200,8
24020608,200,200,8
24020609,200,200,8
24020610,200,200,8
24020611,200,200,6
24020612,200,200,6
24020613,200,200,5
24020614,200,200,2
24020615,200,200,3
24020616,200,200,3
24020617,200,200,2
24020618,200,200,2
24020619,200,200,2
24020620,200,200,2
24020621,200,200,2
24020622,200,200,2
24020623,200,200,2
24020700,200,200,2
24020701,200,200,2
24020702,200,200,2
24020703,200,200,2
24020704,200,200,2
24020705,200,200,2
24020706,200,200,2
24020707,200,200,2
24020708,200,200,2
24020709,200,200,2
24020710,200,200,2
24020711,200,200,2
24020712,200,200,2
24020713,200,200,3
24020714,200,200,3
24020715,200,200,3
24020716,200,200,3
24020717,200,200,3
24020718,200,200,3
24020719,200,200,3
24020720,200,200,3
24020721,200,200,3
24020722,200,200,3
24020723,200,200,3
24020800,200,200,3
24020801,200,200,3
24020802,200,200,3
24020803,200,200,3
24020804,200,200,2
24020805,200,200,2
24020806,200,200,2
24020807,200,200,2
24020808,200,200,2
24020809,200,200,2
24020810,200,200,2
24020811,200,200,2
24020812,200,200,2
24020813,200,200,2
24020814,200,200,2
24020815,200,200,1
24020816,200,200,1
24020817,200,200,1
24020818,200,200,1
24020819,200,200,1
24020820,200,200,1
24020821,200,200,1
24020822,200,200,2
24020823,200,200,3
24020900,200,200,3
24020901,200,200,3
24020902,200,200,3
24020903,200,200,3
24020904,200,200,3
24020905,200,200,3
24020906,200,200,3
24020907,200,200,3
24020908,200,200,3
24020909,200,200,3
24020910,200,200,3
24020911,200,200,3
24020912,200,200,3
24020913,200,200,2
24020914,200,200,4
24020915,200,200,4
24020916,200,200,4
24020917,200,200,4
24020918,200,200,5
24020919,200,200,5
24020920,200,200,5
24020921,200,200,5
24020922,200,200,6
24020923,200,200,6
24021000,200,200,6
24021001,200,200,6
24021002,200,200,6
24021003,200,200,6
24021004,200,200,6
24021005,200,200,6
24021006,200,200,6
24021007,200,200,6
24021008,200,200,6
24021009,200,200,6
24021010,200,200,6
24021011,200,200,6
24021012,200,200,6
24021013,200,200,6
24021014,200,200,5
24021015,200,200,5
24021016,200,200,5
24021017,200,200,5
24021018,200,200,4
24021019,200,200,4
24021020,200,200,4
24021021,200,200,4
24021022,200,200,2
24021023,200,200,1
24021100,200,200,1
24021101,200,200,1
24021102,200,200,1
24021103,200,200,1
24021104,200,200,1
24021105,200,200,1
24021106,200,200,1
24021107,200,200,1
24021108,200,200,1
24021109,200,200,1
24021110,200,200,1
24021111,200,200,1
24021112,200,200,1
24021113,200,200,1
24021219,289,289,1
24021220,289,289,1
24021221,289,289,2
24021222,289,289,2
24021223,289,289,2
24021300,289,289,2
24021301,289,289,2
24021302,289,289,2
24021303,289,289,2
24021304,289,289,2
24021305,289,289,2
24021306,289,289,2
24021307,289,289,2
24021308,289,289,2
24021309,289,289,2
24021310,289,289,2
24021311,289,289,2
24021312,289,289,2
24021313,289,289,2
24021314,289,289,4
24021315,289,289,4
24021316,289,289,4
24021317,288,289,5
24021318,288,289,5
24021319,288,289,5
24021320,288,289,5
24021321,288,289,6
24021322,288,289,6
24021323,288,289,6
24021400,288,289,6
24021401,288,289,6
24021402,288,289,6
24021403,288,289,6
24021404,288,289,6
24021405,288,289,6
24021406,288,289,6
24021407,288,289,6
24021408,288,289,6
24021409,288,289,6
24021410,288,289,6
24021411,288,289,6
24021412,288,289,6
24021413,288,289,6
24021414,288,289,6
24021415,288,289,7
24021416,288,289,7
24021417,288,289,7
24021418,288,289,7
24021419,288,288,6
24021420,288,288,6
24021421,288,288,5
24021422,288,288,5
24021423,288,288,5
24021500,288,288,5
24021502,288,288,5
24021503,288,288,5
24021504,288,288,5
24021505,288,288,5
24021506,288,288,5
24021507,288,288,5
24021508,288,288,5
24021509,288,288,5
24021510,288,288,5
24021511,288,288,5
24021512,288,288,5
24021513,288,288,5
24021514,288,288,3
24021515,288,288,3
24021516,288,288,3
24021517,288,288,2
24021518,288,288,2
24021519,288,288,2
24021520,288,288,2
24021521,288,288,2
24021522,288,288,1
24021523,288,288,1
24021600,288,288,1
24021601,288,288,1
24021602,288,288,1
24021603,288,288,1
24021604,288,288,1
24021605,288,288,1
24021606,288,288,1
24021607,288,288,1
24021608,288,288,1
24021609,288,288,3
24021610,288,288,3
24021611,288,288,3
24021612,288,288,3
24021613,288,288,3
24021614,288,288,3
24021615,288,288,2
24021616,288,288,2
24021617,288,288,2
24021618,288,288,2
24021619,288,288,2
24021621,288,288,2
24021622,288,288,2
24021623,288,288,2
24021700,288,288,2
24021701,288,288,2
24021702,288,288,2
24021703,288,288,2
24021704,288,288,2
24021705,288,288,2
24021706,288,288,2
24021707,288,288,2
24021708,288,288,2
24021709,288,288,2
24021710,288,288,2
24021711,288,288,3
24021712,288,288,3
24021713,288,288,3
24021714,288,288,3
24021715,288,288,3
24021716,288,288,3
24021717,288,288,3
24021911,289,289,1
24021912,289,289,1
24021913,289,289,1
24021914,289,289,1
24021915,289,289,1
24021916,289,289,1
24021917,289,289,2
24021918,289,289,2
24021919,289,289,2
24021920,289,289,2
24021921,289,289,2
24021922,289,289,2
24021923,289,289,2
24022000,289,289,2
24022001,289,289,2
24022002,289,289,2
24022003,289,289,2
24022004,289,289,2
24022005,289,289,2
24022006,289,289,2
24022007,289,289,2
24022008,289,289,2
24022009,289,289,2
24022010,289,289,2
24022011,289,289,2
24022012,289,289,2
24022013,289,289,2
24022014,289,289,2
24022015,289,289,2
24022016,289,289,2
24022017,289,289,1
24022018,289,289,1
24022020,289,289,1
24022021,289,289,2
24022022,289,289,2
24022023,289,289,2
24022100,289,289,2
24022101,289,289,2
24022102,289,289,2
24022103,289,289,2
24022104,289,289,2
24022105,289,289,1
24022106,289,289,1
24022107,289,289,1
24022108,289,289,1
24022109,289,289,1
24022110,289,289,1
24022511,289,289,1
24022512,289,289,1
24022513,289,289,1
24022514,289,289,1
24022515,289,289,1
24022516,289,289,1
24022517,289,289,1
24022518,289,289,1
24022519,289,289,1
24022520,289,289,1
24022521,289,289,1
24022522,289,289,1
24022523,289,289,1
24022600,289,289,1
24022601,289,289,1
24022602,289,289,1
24022603,289,289,1
24022604,289,289,1
24022605,289,289,1
24022606,289,289,1
24022607,289,289,1
24022608,289,289,1
24022609,289,289,1
24022610,289,289,1
24022816,289,289,1
24022817,289,289,1
24022818,289,289,1
24022819,289,289,1
24022820,289,289,1
24022821,289,289,1
24022822,289,289,1
24022823,289,289,1
24022900,289,289,1
24022901,289,289,1
24022902,289,289,1
24022903,289,289,1
24022904,289,289,1
24022905,289,289,1
24022906,289,289,1
24022907,289,289,1
24022908,289,289,1
24022909,289,289,1
24022910,289,289,1
24022911,289,289,1
24022912,289,289,1
24022913,289,289,1
24022914,289,289,1
24022915,289,289,1
24022920,2310,2310,1
24022921,2310,2310,1
24022922,2310,2310,1
24022923,2310,2310,1
24030100,2310,2310,1
24030101,2310,2310,1
24030102,2310,2310,1
24030103,2310,2310,1
24030104,2310,2310,1
24030105,2310,2310,1
24030106,2310,2310,1
24030107,2310,2310,1
24030119,2310,2310,1
24030120,2310,2310,1
24030121,2310,2310,2
24030122,2310,2310,2
24030123,2310,2310,2
24030200,2310,2310,2
24030201,2310,2310,2
24030202,2310,2310,2
24030203,2310,2310,2
24030204,2310,2310,2
24030205,2310,2310,2
24030206,2310,2310,2
24030207,2310,2310,1
24030208,2310,2310,1
24030209,2310,2310,1
24030210,2310,2310,1
24030211,2310,2310,1
24030212,2310,2310,1
24030213,2310,2310,1
24030214,2310,2310,1
24030215,2310,2310,1
24030216,2310,2310,1
24030217,2310,2310,1
24030218,2310,2310,1
24030219,2310,2310,1
24030220,2310,2310,1
24030221,2310,2310,1
24030222,2310,2310,2
24030223,2310,2310,2
24030300,2310,2310,2
24030301,2310,2310,2
24030302,2310,2310,2
24030303,2310,2310,2
24030304,2310,2310,2
24030305,2310,2310,2
24030306,2310,2310,2
24030307,2310,2310,2
24030308,2310,2310,2
24030309,2310,2310,3
24030310,2310,2310,3
24030311,2310,2310,3
24030312,810,2310,4
24030313,810,2310,4
24030314,810,2310,4
24030315,810,2310,4
24030316,810,2310,4
24030317,810,2310,4
24030318,810,2310,4
24030319,810,2310,4
24030320,810,2310,4
24030321,810,2310,3
24030322,810,2310,3
24030323,810,2310,3
24030400,810,2310,3
24030401,810,2310,3
24030402,810,2310,3
24030403,810,2310,3
24030404,810,2310,3
24030405,810,2310,3
24030406,810,2310,3
24030407,810,2310,3
24030408,810,2310,3
24030409,810,1560,2
24030410,810,1560,2
24030411,810,1560,2
24030412,810,1560,2
24030413,810,1560,2
24030414,810,1560,2
24030415,810,1560,2
24030416,810,1560,2
24030417,810,1560,2
24030418,810,1560,2
24030419,810,1560,2
24030420,810,1560,2
24030421,810,1560,2
24030422,810,1560,2
24030423,810,1560,2
24030500,810,1560,2
24030501,810,1560,2
24030502,810,1560,2
24030503,810,1560,2
24030504,810,1560,2
24030505,810,1560,2
24030506,810,1560,2
24030507,810,1560,2
24030508,810,1560,2
24030509,810,1560,2
24030510,810,1560,2
24030511,810,810,1
24030617,789,789,1
24030618,789,789,1
24030619,789,789,1
24030620,789,789,1
24030621,789,789,1
24030622,789,789,1
24030623,789,789,1
24030700,789,789,1
24030701,789,789,1
24030702,789,789,1
24030703,789,789,1
24030704,789,789,1
24030705,789,789,1
24030706,789,789,1
24030707,789,789,1
24030708,789,789,1
24030709,789,789,1
24030710,789,789,1
24030711,789,789,2
24030712,789,789,2
24030713,789,789,2
24030714,789,789,2
24030715,789,789,2
24030716,789,789,2
24030717,789,789,2
24030718,789,789,3
24030719,789,789,3
24030720,789,789,3
24030721,789,789,3
24030722,789,789,3
24030723,789,789,3
24030800,789,789,3
24030801,789,789,3
24030802,789,789,3
24030803,789,789,3
24030804,789,789,3
24030805,789,789,3
24030806,789,789,3
24030807,789,789,3
24030808,789,789,3
24030809,789,789,3
24030810,789,789,3
24030811,789,789,2
24030812,789,789,2
24030813,789,789,2
24030814,789,789,3
24030815,789,789,3
24030816,789,789,3
24030817,789,789,2
24030818,789,789,1
24030819,789,789,1
24030820,789,789,1
24030821,789,789,1
24030822,789,789,1
24030823,789,789,1
24030900,789,789,1
24030901,789,789,1
24030902,789,789,1
24030903,789,789,1
24030904,789,789,1
24030905,789,789,1
24030906,789,789,1
24030907,789,789,1
24030908,789,789,1
24030909,789,789,1
24030910,789,789,1
24030911,789,789,1
24030912,789,789,2
24030913,789,789,2
24030914,789,789,2
24030915,789,789,2
24030916,789,789,2
24030917,789,789,2
24030918,789,789,2
24030919,789,789,2
24030920,789,789,2
24030921,789,789,2
24030922,789,789,2
24030923,789,789,2
24031000,789,789,2
24031001,789,789,2
24031003,789,789,2
24031004,789,789,2
24031005,789,789,3
24031006,789,789,3
24031007,789,789,3
24031008,789,789,4
24031009,789,789,4
24031010,789,789,4
24031011,789,789,4
24031012,789,789,4
24031013,789,789,4
24031014,789,789,4
24031015,789,789,3
24031016,789,789,3
24031017,789,789,3
24031018,789,789,3
24031019,789,789,3
24031020,789,789,3
24031021,789,789,3
24031022,789,789,3
24031023,789,789,3
24031100,789,789,4
24031101,789,789,4
24031102,789,789,4
24031103,789,789,4
24031104,789,789,4
24031105,789,789,4
24031106,789,789,4
24031107,789,789,4
24031108,789,789,4
24031109,789,789,4
24031110,789,789,4
24031111,789,789,4
24031112,789,789,4
24031113,789,789,3
24031114,789,789,3
24031115,789,789,3
24031116,789,789,3
24031117,789,789,3
24031118,789,789,3
24031119,789,789,3
24031120,789,789,4
24031121,789,789,4
24031122,789,789,4
24031123,789,789,4
24031200,789,789,4
24031201,789,789,4
24031202,770,789,5
24031203,770,789,5
24031204,770,789,5
24031205,770,789,4
24031206,770,789,4
24031207,770,789,4
24031208,770,789,3
24031209,770,789,3
24031210,770,789,3
24031211,770,789,3
24031212,770,789,3
24031213,770,789,3
24031214,770,789,3
24031215,770,789,3
24031216,770,789,3
24031217,770,789,3
24031218,770,789,3
24031219,770,779,4
24031220,770,779,4
24031221,770,779,4
24031222,770,779,4
24031223,770,770,3
24031300,770,770,3
24031301,770,770,3
24031302,770,779,2
24031303,770,779,2
24031304,770,779,2
24031305,770,779,2
24031306,770,779,2
24031307,770,779,2
24031308,770,779,2
24031309,770,779,2
24031310,770,779,2
24031311,770,779,2
24031312,770,779,2
24031313,770,779,2
24031314,770,779,2
24031315,770,779,2
24031316,770,779,2
24031317,770,770,3
24031318,770,770,3
24031319,770,770,3
24031320,770,770,2
24031321,770,770,2
24031322,770,770,3
24031323,770,770,3
24031400,770,770,4
24031401,770,770,4
24031402,770,770,4
24031403,770,770,5
24031404,770,770,5
24031405,770,770,5
24031406,770,770,5
24031407,770,770,5
24031408,770,770,5
24031409,770,770,5
24031410,770,770,5
24031411,770,770,5
24031412,770,770,5
24031413,770,770,5
24031414,770,770,5
24031415,770,770,5
24031416,770,770,5
24031417,770,770,4
24031418,770,770,4
24031419,770,770,3
24031420,770,770,3
24031421,770,770,3
24031422,770,770,3
24031423,770,770,3
24031500,770,770,3
24031501,770,770,3
24031502,770,770,3
24031503,770,770,2
24031504,770,770,2
24031505,770,770,2
24031506,770,770,2
24031507,770,770,2
24031508,770,770,2
24031509,770,770,2
24031510,770,770,2
24031511,770,770,2
24031512,770,770,2
24031513,770,770,2
24031514,770,770,2
24031515,770,770,2
24031516,770,770,2
24031517,770,770,2
24031518,770,770,2
24031519,770,770,2
24031520,770,770,2
24031521,770,770,2
24031522,770,770,2
24031523,770,770,1
24031600,770,770,2
24031601,770,770,1
24031602,770,770,2
24031603,770,770,2
24031604,770,770,2
24031605,770,770,2
24031606,770,770,2
24031607,770,770,2
24031608,770,770,2
24031609,770,770,3
24031610,770,770,3
24031611,770,770,3
24031612,770,770,3
24031613,770,770,3
24031614,770,770,3
24031615,770,770,3
24031616,770,770,3
24031617,770,770,3
24031618,770,770,3
24031619,770,770,4
24031620,770,770,4
24031621,770,770,4
24031622,770,770,4
24031623,770,770,4
24031700,770,770,4
24031701,770,770,4
24031702,770,770,4
24031703,770,770,4
24031704,770,770,4
24031705,770,770,4
24031706,770,770,4
24031707,770,770,4
24031708,770,770,4
24031709,770,770,3
24031710,770,770,3
24031711,770,770,3
24031712,770,770,3
24031713,770,770,3
24031714,770,770,3
24031715,770,770,3
24031716,770,770,3
24031717,770,770,3
24031718,770,770,3
24031719,770,770,2
24031720,770,770,2
24031721,770,770,2
24031722,770,770,2
24031723,770,770,2
24031800,770,770,1
24031801,770,770,1
24031805,11289,11289,1
24031806,11289,11289,1
24031807,11289,11289,1
24031808,11289,11289,1
24031809,11289,11289,1
24031810,11289,11289,1
24031811,11289,11289,1
24031812,11289,11289,1
24031813,11289,11289,1
24031814,11289,11289,1
24031815,11289,11289,1
24031816,11289,11289,3
24031817,11289,11289,3
24031818,11289,11289,3
24031819,11289,11289,3
24031820,11289,11289,3
24031821,11289,11289,3
24031822,11289,11289,3
24031823,11289,11289,4
24031900,11289,11289,4
24031901,11289,11289,4
24031902,11289,11289,5
24031903,11289,11289,5
24031904,11289,11289,5
24031905,11289,11289,4
24031906,11289,11289,4
24031907,11289,11289,4
24031908,11289,11289,4
24031909,11289,11289,4
24031910,11289,11289,4
24031911,11289,11289,4
24031912,11289,11289,4
24031913,11289,11289,4
24031914,11289,11289,4
24031915,11289,11289,4
24031916,11289,11289,4
24031917,11289,11289,4
24031918,11289,11289,4
24031919,11289,11289,4
24031920,11289,11289,4
24031921,11289,11289,4
24031922,11289,11289,5
24031923,11289,11289,5
24032000,11289,11289,5
24032001,11289,11289,5
24032002,11289,11289,5
24032003,11289,11289,5
24032004,11289,11289,5
24032005,11289,11289,5
24032006,11289,11289,5
24032007,11289,11289,5
24032008,11289,11289,5
24032009,11289,11289,5
24032010,11289,11289,5
24032011,11289,11289,5
24032012,11289,11289,5
24032013,11289,11289,5
24032014,11289,11289,5
24032015,5775,11289,6
24032016,5775,11289,4
24032017,5775,11289,4
24032018,5775,11289,4
24032019,5775,11289,5
24032020,5775,8532,6
24032021,5775,8532,6
24032022,5775,8532,6
24032023,5775,5775,5
24032100,5775,5775,5
24032101,5775,5775,4
24032102,5775,5775,4
24032103,5775,5775,3
24032104,5775,5775,3
24032105,5775,5775,3
24032106,5775,5775,3
24032107,5775,5775,3
24032108,5775,5775,3
24032109,5775,5775,3
24032110,5775,5775,3
24032111,5775,5775,3
24032112,5775,5775,3
24032113,5775,5775,3
24032114,5775,5775,3
24032115,5775,5775,3
24032116,5775,5775,3
24032117,5775,5775,3
24032118,5775,5775,3
24032119,5775,5775,4
24032120,5775,5775,4
24032121,5775,5775,4
24032122,5775,5775,3
24032123,5775,5775,3
24032200,5775,5775,3
24032201,5775,5775,4
24032202,5775,5775,4
24032203,5775,5775,4
24032204,5775,5775,4
24032205,5775,5775,4
24032206,5775,5775,4
24032207,5775,5775,4
24032208,5775,5775,4
24032209,5775,5775,4
24032210,5775,5775,4
24032211,5775,5775,4
24032212,5775,5775,4
24032213,5775,5775,4
24032214,5775,5775,4
24032215,5775,5775,4
24032216,5775,5775,4
24032217,5775,5775,4
24032218,5775,5775,4
24032219,5775,5775,3
24032220,5775,5775,2
24032221,5775,5775,2
24032222,5775,5775,2
24032223,5775,5775,3
24032300,5775,5775,3
24032301,5775,5775,2
24032302,5775,5775,2
24032303,5775,5775,2
24032304,5775,5775,2
24032305,5775,5775,2
24032306,5775,5775,3
24032307,5775,5775,3
24032308,5775,5775,3
24032309,5775,5775,3
24032310,5775,5775,3
24032311,5775,5775,2
24032312,5775,5775,2
24032313,5775,5775,2
24032314,5775,5775,2
24032315,5775,5775,2
24032316,5775,5775,2
24032317,5775,5775,2
24032318,5775,5775,2
24032319,5775,5775,1
24032320,5775,5775,1
24032321,5775,5775,1
24032322,5775,5775,1
24032323,5775,5775,1
24032400,5775,5775,2
24032401,5775,5775,2
24032402,5775,5775,2
24032403,5775,5775,2
24032404,5775,5775,2
24032405,5775,5775,2
24032406,5775,5775,2
24032407,5775,5775,2
24032408,5775,5775,2
24032409,5775,5775,2
24032410,5775,5775,2
24032411,5775,5775,2
24032412,5775,5775,2
24032413,5775,5775,2
24032414,5775,5775,2
24032415,5775,5775,3
24032416,5775,5775,4
24032417,5775,5775,4
24032418,5775,5775,5
24032419,5775,5775,5
24032420,5775,5775,5
24032421,5775,5775,5
24032422,5775,5775,5
24032423,5775,5775,5
24032500,5775,5775,6
24032501,5775,5775,6
24032502,5775,5775,6
24032503,5775,5775,6
24032504,5775,5775,5
24032505,5775,5775,5
24032506,5775,5775,4
24032507,5775,5775,4
24032508,5775,5775,4
24032509,5775,5775,5
24032510,5775,5775,5
24032511,5775,5775,5
24032512,5775,5775,5
24032513,5775,5775,5
24032514,5775,5775,5
24032515,5700,5775,7
24032516,5700,5775,7
24032517,5700,5775,7
24032518,5700,5775,7
24032519,5700,5775,7
24032520,5700,5775,8
24032521,5700,5775,7
24032522,5700,5700,9
24032523,5700,5700,9
24032600,5700,5700,9
24032601,5700,5700,9
24032602,5700,5700,9
24032603,5700,5700,9
24032604,5700,5700,9
24032605,5700,5700,9
24032606,5700,5700,9
24032607,5700,5700,9
24032608,5700,5700,9
24032609,5700,5700,9
24032610,5700,5700,9
24032611,5700,5700,9
24032612,5700,5700,9
24032613,5700,5700,8
24032614,5700,5700,9
24032615,5700,5700,9
24032616,5700,5700,8
24032617,5700,5700,8
24032618,5700,5700,7
24032619,5700,5700,7
24032620,5700,5700,7
24032621,4200,5700,8
24032622,4200,5700,7
24032623,4200,5700,6
24032700,4200,5700,7
24032701,4200,5700,7
24032702,4200,5700,7
24032703,4200,5700,7
24032704,2000,4950,8
24032705,2000,4950,8
24032706,2000,4950,8
24032707,2000,4950,8
24032708,2000,4200,9
24032709,2000,4200,9
24032710,2000,4200,10
24032711,2000,4200,10
24032712,2000,4200,10
24032713,2000,4200,10
24032714,2000,4200,11
24032715,2000,4200,12
24032716,2000,3100,10
24032717,2000,3100,10
24032718,2000,2000,11
24032719,2000,2000,12
24032720,2000,2000,12
24032721,2000,2000,11
24032722,2000,2000,11
24032723,2000,2000,11
24032800,2000,2000,10
24032801,2000,2000,10
24032802,2000,2000,10
24032803,2000,2000,10
24032804,2000,2000,9
24032805,2000,2000,9
24032806,2000,2000,9
24032807,2000,2000,10
24032808,2000,2000,10
24032809,2000,2000,10
24032810,2000,2000,9
24032811,2000,2000,9
24032812,2000,2000,9
24032813,2000,2000,10
24032814,2000,2000,9
24032815,2000,2000,8
24032816,2000,2000,8
24032817,2000,2000,8
24032818,2000,2000,7
24032819,2000,2000,6
24032820,2000,2000,7
24032821,2000,2000,8
24032822,2000,2000,11
24032823,2000,2000,11
24032900,2000,2000,11
24032901,1800,2000,11
24032902,1800,2000,11
24032903,1800,2000,11
24032904,1800,2000,11
24032905,1800,2000,11
24032906,1800,2000,11
24032907,1800,2000,10
24032908,1800,2000,9
24032909,1800,2000,9
24032910,1800,2000,9
24032911,1800,2000,9
24032912,1800,2000,9
24032913,1800,2000,8
24032914,1800,2000,8
24032915,1800,2000,8
24032916,1800,2000,8
24032917,1800,2000,8
24032918,1800,2000,9
24032919,1800,2000,9
24032920,1800,2000,8
24032921,1800,2000,7
24032922,1800,1900,6
24032923,1800,1800,7
24033000,1800,1800,7
24033001,1800,1900,6
24033002,1800,1800,7
24033003,1800,1800,8
24033004,1800,1800,8
24033005,1800,1800,8
24033006,1800,1800,8
24033007,1800,1800,8
24033008,1800,1800,10
24033009,1800,1800,10
24033010,1800,1800,10
24033011,1800,1800,9
24033012,1800,1800,9
24033013,1800,1800,9
24033014,1800,1800,9
24033015,1800,1800,9
24033016,1800,1800,9
24033017,1800,1800,9
24033018,1800,1800,9
24033019,1800,1800,9
24033020,1800,1800,10
24033021,1800,1800,9
24033022,1800,1800,7
24033023,1800,1800,7
24033100,1800,1800,8
24033101,1800,1800,8
24033102,1800,1800,7
24033103,1800,1800,6
24033104,1800,1800,6
24033105,1800,1800,6
24033106,1800,1800,6
24033107,1800,1800,6
24033108,1800,1800,6
24033109,1800,1800,7
24033110,1800,1800,8
24033111,1800,1800,8
24033112,1800,1800,8
24033113,1800,1800,8
24033114,1800,1800,7
24033115,1800,1800,7
24033116,1800,1800,7
24033117,1800,1800,7
24033118,1800,1800,7
24033119,1800,1800,7
24033120,1800,1800,7
24033121,1800,1800,6
24033122,1800,1800,6
24033123,1800,1800,7
24040100,1800,1800,6
24040101,1800,1800,6
24040102,1800,1800,6
24040103,1800,1800,6
24040104,1800,1800,6
24040105,1800,1800,6
24040106,1800,1800,6
24040107,1800,1800,6
24040108,1800,1800,4
24040109,1800,1800,4
24040110,1800,1800,3
24040111,1800,1800,3
24040112,1800,1800,3
24040113,1800,1800,3
24040114,1800,1800,4
24040115,1800,1800,4
24040116,1800,1800,4
24040117,1800,1800,4
24040118,1800,1800,4
24040119,1800,1800,5
24040120,1800,1800,5
24040121,1800,1800,5
24040122,1800,1800,6
24040123,1800,1800,6
24040200,1800,1800,6
24040201,1800,1800,6
24040202,1800,1800,6
24040203,1800,1800,6
24040204,1800,1800,6
24040205,1800,1800,6
24040206,1800,1800,6
24040207,1800,1800,6
24040208,1800,1800,5
24040209,1800,1800,5
24040210,1800,1800,5
24040211,1800,1800,5
24040212,1800,1800,5
24040213,1800,1800,5
24040214,1800,1800,5
24040215,1800,1800,4
24040216,1800,1800,4
24040217,1800,1800,4
24040218,1800,1800,3
24040219,1800,1800,4
24040220,1800,1800,4
24040221,1800,1800,4
24040222,1800,1800,4
24040223,1800,1800,4
24040300,1800,1800,5
24040301,1800,1800,5
24040302,1800,1800,5
24040303,1800,1800,5
24040304,1800,1800,5
24040305,1800,1800,5
24040306,1800,1800,5
24040307,1800,1800,5
24040308,1800,1800,5
24040309,1800,1800,5
24040310,1800,1800,5
24040311,1800,1800,5
24040312,1800,1800,6
24040313,1800,1800,6
24040314,1800,1800,6
24040315,1800,1800,6
24040316,1800,1800,7
24040317,1800,1800,7
24040318,1800,1800,7
24040319,1800,1800,5
24040320,1800,1800,5
24040321,1800,1800,5
24040322,1800,1800,5
24040323,1800,1800,4
24040400,1800,1800,5
24040401,1800,1800,5
24040402,1800,1800,5
24040403,1800,1800,5
24040404,1800,1800,4
24040405,1800,1800,4
24040406,1800,1800,4
24040407,1800,1800,4
24040408,1800,1800,4
24040409,1800,1800,4
24040410,1800,1800,5
24040411,1800,1800,5
24040412,1800,1800,5
24040414,1800,1800,5
24040415,1800,1800,5
24040418,1800,1800,5
24040419,1800,1800,5
24040420,1800,1800,5
24040421,1800,1800,5
24040422,1800,1800,4
24040423,1800,1800,4
24040500,1800,1800,3
24040501,1800,1800,3
24040502,1800,1800,3
24040503,1800,1800,3
24040504,1800,1800,3
24040505,1800,1800,3
24040506,1800,1800,3
24040507,1800,1800,3
24040508,1800,1800,3
24040509,1800,1800,3
24040510,1800,1800,2
24040511,1800,1800,2
24040512,1800,1800,2
24040513,1800,1800,3
24040514,1800,1800,3
24040515,1800,1800,3
24040516,1800,1800,3
24040517,1800,1800,3
24040518,1800,1800,3
24040519,1800,1800,3
24040520,1800,1800,3
24040521,1800,1800,4
24040522,1800,1800,4
24040523,1800,1800,5
24040600,1800,1800,6
24040601,1800,1800,6
24040602,1800,1800,6
24040603,1800,1800,6
24040604,1800,1800,6
24040605,1800,1800,6
24040606,1800,1800,6
24040607,1800,1800,6
24040608,1800,1800,6
24040609,1800,1800,6
24040610,1800,1800,6
24040611,1800,1800,5
24040612,1800,1800,4
24040613,1800,1800,4
24040614,1800,1800,4
24040615,1800,1800,4
24040616,1800,1800,4
24040617,1800,1800,4
24040618,1800,1800,4
24040619,1800,1800,4
24040620,1800,1800,4
24040621,1800,1800,4
24040622,1800,1800,5
24040623,1800,1800,5
24040700,1800,1800,3
24040701,1800,1800,4
24040702,1800,1800,5
24040703,1800,1800,5
24040704,1800,1800,5
24040705,1800,1800,5
24040710,1800,1800,6
24040711,1800,1800,6
24040712,1800,1800,8
24040713,1800,1800,8
24040714,1800,1800,8
24040715,1800,1800,8
24040716,1800,1800,8
24040717,1800,1800,8
24040718,1800,1800,8
24040719,1800,1800,9
24040720,1800,1800,9
24040721,1800,1800,8
24040722,1800,1800,8
24040723,1800,1800,8
24040800,1800,1800,8
24040801,1800,1800,9
24040802,1800,1800,8
24040803,1800,1800,8
24040804,1800,1800,8
24040805,1800,1800,8
24040806,1800,1800,8
24040807,1800,1800,8
24040808,1800,1800,8
24040809,1800,1800,8
24040810,1800,1800,8
24040811,1800,1800,7
24040812,1800,1800,5
24040813,1800,1800,4
24040814,1800,1800,4
24040815,1800,1800,4
24040816,1800,1800,4
24040817,1800,1800,4
24040818,1800,1800,4
24040819,1800,1800,4
24040820,1800,1800,4
24040821,1800,1800,4
24040822,1800,1800,4
24040823,1800,1800,4
24040900,1800,1800,4
24040901,1800,1800,2
24040902,1800,1800,2
24040903,1800,1800,2
24040904,1800,1800,3
24040905,1800,1800,3
24040906,1800,1800,3
24040907,1800,1800,3
24040908,1800,1800,3
24040909,1800,1800,3
24040910,1800,1800,3
24040911,1800,1800,3
24040912,1800,1800,8
24040913,1800,1800,8
24040914,1800,1800,8
24040915,1800,1800,8
24040916,1800,1800,8
24040917,1800,1800,8
24040918,1800,1800,8
24040919,1800,1800,7
24040920,1800,1800,8
24040921,1800,1800,8
24040922,1800,1800,8
24040923,1800,1800,8
24041000,1800,1800,8
24041001,1800,1800,8
24041002,1800,1800,8
24041003,1800,1800,8
24041004,1800,1800,8
24041005,1800,1800,8
24041006,1800,1800,8
24041007,1800,1800,8
24041008,1800,1800,8
24041009,1800,1800,8
24041010,1800,1800,7
24041011,1800,1800,8
24041012,1800,1800,4
24041013,1800,1800,4
24041014,1800,1800,4
24041015,1800,1800,4
24041016,1800,1800,4
24041017,1800,1800,4
24041018,1800,1800,4
24041019,1800,1800,4
24041020,1800,1800,4
24041021,1800,1800,4
24041022,1800,1800,4
24041023,1800,1800,4
24041100,1800,1800,4
24041101,1800,1800,4
24041102,1800,1800,4
24041103,1800,1800,4
24041104,1800,1800,3
24041105,1800,1800,3
24041106,1800,1800,3
24041107,1800,1800,4
24041108,1800,1800,4
24041109,1800,1800,4
24041110,1800,1800,5
24041111,1800,1800,4
24041112,1800,1800,4
24041113,1800,1800,5
24041114,1800,1800,5
24041115,1800,1800,5
24041116,1800,1800,5
24041117,1800,1800,5
24041118,1800,1800,7
24041119,1800,1800,7
24041120,1800,1800,6
24041121,999,1800,7
24041122,999,1800,6
24041123,999,1800,6
24041200,999,1800,6
24041201,999,1800,5
24041202,999,1800,5
24041203,999,1800,5
24041204,999,1800,5
24041205,999,1800,5
24041206,999,1800,5
24041207,999,1800,5
24041208,999,1800,5
24041209,999,1800,5
24041210,999,1800,5
24041211,999,1800,5
24041212,999,1800,5
24041213,999,1800,5
24041214,999,1800,5
24041215,999,1800,5
24041216,999,1800,5
24041217,999,1800,5
24041218,999,999,3
24041219,999,999,4
24041220,999,999,4
24041221,999,999,4
24041222,999,999,4
24041223,999,999,4
24041300,999,999,4
24041301,999,999,4
24041302,999,999,4
24041303,999,999,4
24041304,999,999,4
24041305,999,999,4
24041306,999,999,4
24041307,999,999,3
24041308,999,999,3
24041309,999,999,3
24041310,999,999,2
24041311,999,999,2
24041312,999,999,3
24041313,999,999,3
24041314,999,999,3
24041315,999,999,3
24041316,999,999,3
24041317,999,999,3
24041318,999,999,3
24041319,999,999,3
24041320,999,999,3
24041321,999,999,4
24041322,999,999,4
24041323,999,999,4
24041400,999,999,5
24041401,999,999,5
24041402,999,999,5
24041403,999,999,5
24041404,999,999,5
24041405,999,999,5
24041406,999,999,5
24041407,999,999,5
24041408,999,999,5
24041409,999,999,5
24041410,999,999,5
24041411,999,999,5
24041412,999,999,4
24041413,999,999,4
24041414,999,999,4
24041415,999,999,4
24041416,999,999,4
24041417,999,999,4
24041418,999,999,3
24041419,999,999,3
24041420,999,999,3
24041421,999,999,1
24041422,999,999,1
24041423,999,999,1
24041522,2647,2647,1
24041523,2647,2647,1
24041600,2647,2647,1
24041601,2647,2647,1
24041602,2647,2647,1
24041603,2647,2647,1
24041604,2647,2647,1
24041605,2647,2647,1
24041606,2647,2647,1
24041607,2647,2647,2
24041608,2647,2647,2
24041609,2647,2647,2
24041610,2647,2647,2
24041611,2647,2647,3
24041612,2647,2647,3
24041613,2647,2647,3
24041614,2647,2647,3
24041615,2647,2647,3
24041616,2647,2647,3
24041617,2647,2647,3
24041618,2647,2647,3
24041619,2647,2647,3
24041620,2647,2647,3
24041621,2647,2647,2
24041622,2647,2647,3
24041623,2647,2647,4
24041700,2647,2647,4
24041701,2647,2647,4
24041702,2647,2647,4
24041703,2647,2647,4
24041704,2647,2647,4
24041705,2647,2647,4
24041706,2647,2647,3
24041707,2647,2647,3
24041708,2647,2647,3
24041709,2647,2647,3
24041710,2647,2647,3
24041711,2647,2647,3
24041712,2647,2647,3
24041713,2647,2647,3
24041714,2647,2647,3
24041715,2647,2647,3
24041716,2647,2647,3
24041717,2647,2647,3
24041718,2647,2647,3
24041719,2647,2647,3
24041720,2647,2647,3
24041721,2647,2647,3
24041722,2647,2647,3
24041723,2647,2647,5
24041800,2647,2647,5
24041801,2647,2647,6
24041802,2647,2647,6
24041803,2647,2647,6
24041804,2647,2647,6
24041805,2647,2647,6
24041806,2647,2647,6
24041807,2647,2647,6
24041808,2647,2647,6
24041809,2647,2647,6
24041810,2647,2647,6
24041811,2647,2647,6
24041812,2647,2647,6
24041813,2647,2647,6
24041814,2647,2647,7
24041815,2647,2647,7
24041816,2647,2647,7
24041817,2647,2647,8
24041818,2647,2647,8
24041819,2647,2647,8
24041820,2647,2647,9
24041821,2647,2647,9
24041822,2647,2647,8
24041823,2647,2647,5
24041900,2647,2647,5
24041901,2647,2647,5
24041902,2647,2647,5
24041903,2647,2647,5
24041904,2647,2647,5
24041905,2647,2647,5
24041906,2647,2647,5
24041907,2647,2647,5
24041908,2647,2647,5
24041909,2647,2647,5
24041910,2647,2647,5
24041911,2647,2647,4
24041912,2647,2647,4
24041913,2647,2647,4
24041914,2647,2647,3
24041915,2647,2647,4
24041916,2647,2647,4
24041917,2647,2647,5
24041918,2647,2647,5
24041919,2647,2647,5
24041920,2647,2647,4
24041921,2647,2647,4
24041922,2647,2647,4
24041923,2647,2647,5
24042000,2647,2647,5
24042001,2647,2647,5
24042002,2647,2647,5
24042003,2647,2647,5
24042004,2647,2647,5
24042005,2647,2647,5
24042006,2647,2647,5
24042007,2647,2647,5
24042008,2647,2647,5
24042009,2647,2647,5
24042010,2647,2647,5
24042011,2647,2647,6
24042012,2647,2647,6
24042013,2647,2647,6
24042014,2647,2647,6
24042015,2647,2647,6
24042016,2647,2647,6
24042017,2647,2647,5
24042018,2647,2647,5
24042019,2647,2647,5
24042020,2647,2647,5
24042021,2647,2647,5
24042022,2647,2647,5
24042023,2647,2647,4
24042100,2647,2647,4
24042101,2647,2647,4
24042102,2647,2647,4
24042103,2647,2647,4
24042104,2647,2647,4
24042105,2647,2647,4
24042106,2647,2647,4
24042107,2647,2647,5
24042108,2647,2647,6
24042109,2647,2647,6
24042110,2647,2647,6
24042111,2647,2647,6
24042112,2647,2647,6
24042113,2647,2647,6
24042114,2647,2647,6
24042115,2647,2647,8
24042116,2647,2647,8
24042117,2647,2647,7
24042118,2647,2647,8
24042119,2647,2647,8
24042120,2647,2647,8
24042121,2647,2647,8
24042122,2647,2647,9
24042123,2647,2647,9
24042200,2647,2647,10
24042201,2647,2647,9
24042202,2647,2647,9
24042203,2647,2647,9
24042204,2647,2647,9
24042205,2647,2647,9
24042206,2647,2647,9
24042207,2647,2647,8
24042208,2647,2647,7
24042209,2647,2647,7
24042210,2647,2647,7
24042211,2647,2647,7
24042212,2647,2647,7
24042213,2647,2647,7
24042214,2647,2647,7
24042215,2647,2647,4
24042216,2647,2647,5
24042217,2647,2647,5
24042218,2647,2647,5
24042219,2647,2647,6
24042220,2647,2647,6
24042221,2647,2647,6
24042222,2647,2647,6
24042223,2647,2647,6
24042300,2647,2647,5
24042301,2647,2647,5
24042302,2647,2647,5
24042303,2647,2647,5
24042304,2647,2647,5
24042305,2647,2647,5
24042306,2647,2647,5
24042307,2647,2647,5
24042308,2647,2647,5
24042309,2647,2647,5
24042310,2647,2647,5
24042311,2647,2647,5
24042312,2647,2647,5
24042313,2647,2647,5
24042314,2647,2647,5
24042315,2647,2647,5
24042316,2647,2647,5
24042317,2647,2647,5
24042318,2647,2647,5
24042319,2647,2647,6
24042320,2647,2647,6
24042321,2647,2647,6
24042322,2647,2647,6
24042323,2647,2647,5
24042400,2647,2647,5
24042401,2647,2647,5
24042402,2647,2647,5
24042403,2647,2647,5
24042404,2647,2647,5
24042405,2647,2647,5
24042406,2647,2647,5
24042407,2647,2647,4
24042408,2647,2647,4
24042409,2647,2647,4
24042410,2647,2647,4
24042411,2647,2647,3
24042412,2647,2647,3
24042413,2647,2647,3
24042414,2647,2647,3
24042415,2647,2647,3
24042416,2647,2647,3
24042417,2647,2647,2
24042418,2647,2647,2
24042419,2647,2647,1
24042420,2647,2647,1
24042421,2647,2647,1
24042422,2647,2647,1
24042423,2647,2647,3
24042500,2647,2647,3
24042501,2647,2647,3
24042502,2647,2647,3
24042503,2647,2647,3
24042504,2647,2647,3
24042505,2647,2647,3
24042506,2647,2647,3
24042507,2647,2647,4
24042508,2647,2647,5
24042509,2647,2647,5
24042510,2647,2647,5
24042511,2647,2647,5
24042512,2647,2647,5
24042513,2647,2647,5
24042514,2647,2647,5
24042515,2647,2647,5
24042516,2647,2647,5
24042517,2647,2647,5
24042518,2647,2647,5
24042519,2647,2647,3
24042520,2647,2647,2
24042521,2647,2647,2
24042522,2647,2647,2
24042610,3007,3007,1
24042611,3007,3007,1
24042612,3007,3007,1
24042613,3007,3007,1
24042614,3007,3007,1
24042615,3007,3007,2
24042616,3007,3007,2
24042617,3007,3007,3
24042618,3007,3007,4
24042619,3007,3007,4
24042620,3007,3007,4
24042621,3007,3007,4
24042622,3007,3007,3
24042623,3007,3007,3
24042700,3007,3007,3
24042701,3007,3007,3
24042702,3007,3007,3
24042703,3007,3007,3
24042704,3007,3007,3
24042705,3007,3007,3
24042706,3007,3007,3
24042707,3007,3007,3
24042708,3007,3007,3
24042709,3007,3007,4
24042710,3007,3007,4
24042711,3007,3007,4
24042712,3007,3007,4
24042713,3007,3007,4
24042714,3007,3007,4
24042715,3007,3007,4
24042716,3007,3007,4
24042717,3007,3007,3
24042718,3007,3007,3
24042719,3007,3007,3
24042720,3007,3007,3
24042721,3007,3007,3
24042722,3007,3007,3
24042723,3007,3007,3
24042800,3007,3007,3
24042801,3007,3007,4
24042802,3007,3007,4
24042803,3007,3007,4
24042804,3007,3007,4
24042805,3007,3007,4
24042806,3007,3007,4
24042807,3007,3007,4
24042808,3007,3007,4
24042809,3007,3007,4
24042810,3007,3007,4
24042811,3007,3007,4
24042812,3007,3007,4
24042813,3007,3007,3
24042814,3007,3007,4
24042815,3007,3007,3
24042816,3007,3007,3
24042817,3007,3007,3
24042818,3007,3007,2
24042819,3007,3007,2
24042820,3007,3007,2
24042821,3007,3007,2
24042822,3007,3007,2
24042823,3007,3007,2
24042900,3007,3007,2
24042901,3007,3007,2
24042902,3007,3007,1
24042903,3007,3007,1
24042904,3007,3007,1
24042905,3007,3007,1
24042906,3007,3007,1
24042907,3007,3007,2
24042908,3007,3007,2
24042909,3007,3007,2
24042910,3007,3007,2
24042911,3007,3007,2
24042912,3007,3007,2
24042913,3007,3007,3
24042914,3007,3007,3
24042915,3007,3007,3
24042916,3007,3007,3
24042917,3007,3007,3
24042918,3007,3007,3
24042919,3007,3007,3
24042920,3007,3007,4
24042921,3007,3007,4
24042922,3007,3007,4
24042923,3007,3007,4
24043000,3007,3007,4
24043001,3007,3007,3
24043002,3007,3007,3
24043003,3007,3007,3
24043004,3007,3007,3
24043005,3007,3007,3
24043006,3007,3007,3
24043007,3007,3007,3
24043008,3007,3007,3
24043009,3007,3007,3
24043010,3007,3007,3
24043011,3007,3007,3
24043012,3007,3007,3
24043013,3007,3007,3
24043014,3007,3007,3
24043015,3007,3007,3
24043016,3007,3007,3
24043017,3007,3007,4
24043018,3007,3007,5
24043019,3007,3007,6
24043020,3007,3007,5
24043021,3007,3007,6
24043022,3007,3007,6
24043023,3007,3007,6
24050100,3007,3007,7
24050101,3007,3007,7
24050102,3007,3007,7
24050103,3007,3007,7
24050104,3007,3007,7
24050105,3007,3007,6
24050106,3007,3007,7
24050107,3007,3007,6
24050108,3007,3007,8
24050109,3007,3007,7
24050110,3007,3007,7
24050111,3007,3007,8
24050112,3007,3007,8
24050113,3007,3007,9
24050114,3007,3007,10
24050115,3007,3007,10
24050116,3007,3007,10
24050117,3007,3007,10
24050118,3007,3007,10
24050119,3007,3007,10
24050120,3007,3007,10
24050121,3007,3007,10
24050122,3007,3007,10
24050123,3007,3007,10
24050200,3007,3007,10
24050201,3007,3007,9
24050202,3007,3007,10
24050203,3007,3007,10
24050204,3007,3007,10
24050205,3007,3007,10
24050206,3007,3007,10
24050207,3007,3007,10
24050208,3007,3007,9
24050209,3007,3007,9
24050210,3007,3007,9
24050211,3007,3007,9
24050212,3007,3007,9
24050213,3007,3007,9
24050214,3007,3007,10
24050215,3007,3007,10
24050216,3007,3007,10
24050217,3007,3007,10
24050218,3007,3007,9
24050219,3007,3007,8
24050220,3007,3007,8
24050221,3007,3007,7
24050222,3007,3007,7
24050223,3007,3007,7
24050300,3007,3007,7
24050301,3007,3007,7
24050302,3007,3007,7
24050303,3007,3007,7
24050304,3007,3007,7
24050305,3007,3007,7
24050306,3007,3007,6
24050307,3007,3007,6
24050308,3007,3007,5
24050309,3007,3007,5
24050310,3007,3007,5
24050311,3007,3007,4
24050312,3007,3007,4
24050313,3007,3007,4
24050314,3007,3007,4
24050315,3007,3007,4
24050316,3007,3007,4
24050317,3007,3007,4
24050318,3007,3007,4
24050319,3007,3007,4
24050320,3007,3007,4
24050321,3007,3007,4
24050322,3007,3007,5
24050323,3007,3007,5
24050400,3007,3007,5
24050401,3007,3007,5
24050402,3007,3007,3
24050403,3007,3007,3
24050404,3007,3007,3
24050405,3007,3007,3
24050406,3007,3007,3
24050407,3007,3007,3
24050408,3007,3007,3
24050409,3007,3007,3
24050410,3007,3007,5
24050411,3007,3007,5
24050412,3007,3007,5
24050413,3007,3007,5
24050414,3007,3007,5
24050415,3007,3007,5
24050416,3007,3007,5
24050417,3007,3007,5
24050418,3007,3007,5
24050419,3007,3007,5
24050420,3007,3007,5
24050421,3007,3007,6
24050422,3007,3007,6
24050423,3007,3007,7
24050500,3007,3007,6
24050501,3007,3007,6
24050502,3007,3007,5
24050503,3007,3007,5
24050504,3007,3007,5
24050505,3007,3007,5
24050506,3007,3007,5
24050507,3007,3007,5
24050508,3007,3007,5
24050509,3007,3007,5
24050510,3007,3007,5
24050511,3007,3007,5
24050512,3007,3007,7
24050513,3007,3007,7
24050514,3007,3007,7
24050515,3007,3007,7
24050516,3007,3007,7
24050517,3007,3007,7
24050518,3007,3007,7
24050519,3007,3007,7
24050520,3007,3007,7
24050521,3007,3007,8
24050522,3007,3007,7
24050523,3007,3007,8
24050600,3007,3007,8
24050601,3007,3007,8
24050602,3007,3007,8
24050603,3007,3007,8
24050604,3007,3007,8
24050605,3007,3007,8
24050606,3007,3007,8
24050607,3007,3007,8
24050608,3007,3007,8
24050609,3007,3007,8
24050610,3007,3007,6
24050611,3007,3007,6
24050612,3007,3007,6
24050613,3007,3007,6
24050614,3007,3007,6
24050615,3007,3007,6
24050616,3007,3007,6
24050617,3007,3007,7
24050618,3007,3007,7
24050619,3007,3007,7
24050620,3007,3007,7
24050621,3007,3007,7
24050622,3007,3007,7
24050623,3007,3007,5
24050700,3007,3007,5
24050701,3007,3007,5
24050702,3007,3007,5
24050703,3007,3007,5
24050704,3007,3007,5
24050705,3007,3007,4
24050706,3007,3007,4
24050707,3007,3007,4
24050708,3007,3007,4
24050709,3007,3007,5
24050710,3007,3007,5
24050711,3007,3007,5
24050712,3007,3007,5
24050713,3007,3007,5
24050714,3007,3007,5
24050715,3007,3007,5
24050716,3007,3007,5
24050717,3007,3007,3
24050718,3007,3007,3
24050719,3007,3007,3
24050720,3007,3007,3
24050722,3089,3089,1
24050723,3089,3089,1
24050800,3089,3089,1
24050801,3089,3089,1
24050802,3089,3089,1
24050803,3089,3089,1
24050804,3089,3089,1
24050805,3089,3089,1
24050806,3089,3089,1
24050807,3089,3089,1
24050808,3089,3089,1
24050809,3089,3089,1
24050900,10089,10089,1
24050901,10089,10089,1
24050902,10089,10089,1
24050903,10089,10089,1
24050904,10089,10089,1
24050905,10089,10089,1
24050906,10089,10089,1
24050907,10089,10089,1
24050908,10089,10089,2
24050909,10089,10089,2
24050910,10089,10089,2
24050911,10089,10089,3
24050912,10089,10089,2
24050913,10089,10089,2
24050914,10089,10089,2
24050915,10089,10089,2
24050916,10089,10089,2
24050917,10089,10089,2
24050918,10089,10089,2
24050919,10089,10089,2
24050920,10089,10089,3
24050921,10089,10089,3
24050922,10089,10089,4
24050923,10089,10089,4
24051000,10089,10089,4
24051001,10089,10089,4
24051002,10089,10089,4
24051003,10089,10089,4
24051004,10089,10089,4
24051005,10089,10089,4
24051006,10089,10089,4
24051007,10089,10089,4
24051008,10089,10089,3
24051009,10089,10089,3
24051010,10089,10089,5
24051011,10089,10089,5
24051012,10089,10089,5
24051013,10089,10089,5
24051014,10089,10089,5
24051015,10089,10089,5
24051016,10089,10089,5
24051017,10089,10089,5
24051018,10089,10089,5
24051019,10089,10089,5
24051020,10089,10089,5
24051021,10089,10089,6
24051022,10089,10089,6
24051023,10089,10089,7
24051100,10089,10089,7
24051101,10089,10089,7
24051102,10089,10089,7
24051103,10089,10089,7
24051104,10089,10089,7
24051105,10089,10089,7
24051106,10089,10089,7
24051107,10089,10089,7
24051108,10089,10089,6
24051109,10089,10089,5
24051110,10089,10089,5
24051111,10089,10089,4
24051112,10089,10089,4
24051113,10089,10089,4
24051114,10089,10089,4
24051115,10089,10089,5
24051116,10089,10089,5
24051117,10089,10089,5
24051118,10089,10089,5
24051119,10089,10089,5
24051120,10089,10089,5
24051121,10089,10089,5
24051122,10089,10089,6
24051123,10089,10089,6
24051200,10089,10089,6
24051201,10089,10089,6
24051202,10089,10089,6
24051203,10089,10089,6
24051204,10089,10089,7
24051205,10089,10089,7
24051206,10089,10089,7
24051207,10089,10089,7
24051208,10089,10089,7
24051209,10089,10089,7
24051210,10089,10089,4
24051211,10089,10089,4
24051212,10089,10089,5
24051213,10089,10089,6
24051214,10089,10089,6
24051215,10089,10089,5
24051216,10089,10089,4
24051217,10089,10089,4
24051218,10089,10089,4
24051219,10080,10089,5
24051220,10080,10089,5
24051221,10080,10089,5
24051222,10080,10089,5
24051223,10080,10089,5
24051300,10080,10089,5
24051301,10080,10089,5
24051302,10080,10089,5
24051303,10080,10089,5
24051304,10080,10089,5
24051305,10080,10089,5
24051306,10080,10089,5
24051307,10080,10084,6
24051308,10080,10084,6
24051309,10080,10084,6
24051310,10080,10084,6
24051311,10080,10084,6
24051312,10080,10084,6
24051313,10080,10084,6
24051314,10080,10084,6
24051315,10080,10084,6
24051316,10080,10084,6
24051317,10080,10084,6
24051318,10080,10080,7
24051319,10080,10080,7
24051320,10080,10080,8
24051321,10080,10080,8
24051322,10080,10080,7
24051323,10080,10080,7
24051400,10080,10080,7
24051401,10080,10080,7
24051402,10080,10080,7
24051403,10080,10080,7
24051404,10080,10080,7
24051405,10080,10080,7
24051406,10080,10080,6
24051407,10080,10080,6
24051408,10080,10080,6
24051409,10080,10080,6
24051410,10080,10080,6
24051411,10080,10080,5
24051412,10080,10080,5
24051413,10080,10080,4
24051414,10080,10080,4
24051415,10080,10080,4
24051416,10080,10080,4
24051417,10080,10080,4
24051418,10080,10080,5
24051419,10080,10080,5
24051420,10080,10080,5
24051421,10080,10080,5
24051422,10080,10080,4
24051423,10080,10080,4
24051500,9980,10080,5
24051501,9980,10080,5
24051502,9980,10080,5
24051503,9980,10080,5
24051504,9980,10080,5
24051505,9980,10080,5
24051506,9980,10080,4
24051507,9980,9980,6
24051508,9980,9980,6
24051509,9980,9980,6
24051510,9980,9980,6
24051511,9980,9980,6
24051512,9980,9980,6
24051513,9980,9980,6
24051514,9980,9980,6
24051515,9980,9980,6
24051516,9980,9980,6
24051517,9980,9980,6
24051518,9980,9980,6
24051519,9980,9980,6
24051520,9980,9980,5
24051521,9980,9980,5
24051522,9980,9980,5
24051523,9980,9980,5
24051600,9980,9980,5
24051601,9980,9980,5
24051602,9980,9980,5
24051603,9980,9980,5
24051604,9980,9980,5
24051605,9980,9980,5
24051606,9980,9980,5
24051607,9980,9980,5
24051608,9980,9980,5
24051609,9980,9980,5
24051610,9980,9980,6
24051611,9980,9980,6
24051612,9980,9980,8
24051613,9980,9980,8
24051614,9980,9980,8
24051615,9980,9980,8
24051616,9980,9980,8
24051617,9980,9980,8
24051618,9980,9980,8
24051619,9980,9980,7
24051620,9980,9980,7
24051621,9980,9980,7
24051622,9980,9980,7
24051623,9980,9980,7
24051700,9980,9980,7
24051701,9980,9980,7
24051702,9980,9980,7
24051703,9980,9980,7
24051704,9980,9980,7
24051705,9980,9980,7
24051706,9980,9980,7
24051707,9980,9980,4
24051708,9980,9980,4
24051709,9980,9980,4
24051710,9980,9980,4
24051711,9980,9980,2
24051712,9980,9980,3
24051713,9980,9980,3
24051714,9980,9980,3
24051715,9980,9980,3
24051716,9980,9980,3
24051717,9980,9980,3
24051718,9980,9980,3
24051719,9980,9980,3
24051720,9980,9980,3
24051721,9980,9980,3
24051722,9980,9980,3
24051723,9980,9980,3
24051800,9980,9980,3
24051801,9980,9980,3
24051802,9980,9980,3
24051803,9980,9980,3
24051804,9980,9980,3
24051805,9980,9980,3
24051806,9980,9980,3
24051807,9980,9980,3
24051808,9980,9980,3
24051809,9980,9980,2
24051810,9980,9980,2
24051811,9980,9980,2
24051812,9980,9980,1
24051813,9980,9980,2
24051814,9980,9980,3
24051815,9980,9980,3
24051816,9980,9980,3
24051817,9980,9980,3
24051818,9980,9980,3
24051819,9980,9980,3
24051820,9980,9980,3
24051821,9980,9980,3
24051822,9980,9980,3
24051823,9980,9980,3
24051900,9980,9980,3
24051901,9980,9980,3
24051902,9980,9980,3
24051903,9980,9980,3
24051904,9980,9980,3
24051905,9980,9980,3
24051906,9980,9980,3
24051907,9980,9980,3
24051908,9980,9980,3
24051909,9980,9980,3
24051910,9980,9980,3
24051911,9980,9980,3
24051912,9980,9980,3
24051913,9980,9980,3
24051914,9980,9980,3
24051915,9980,9980,3
24051916,9980,9980,3
24051917,9980,9980,3
24051918,9980,9980,3
24051919,9980,9980,3
24051920,9980,9980,3
24051921,9980,9980,3
24051922,9900,9980,4
24051923,9900,9980,4
24052000,9900,9980,4
24052001,9900,9980,4
24052002,9900,9980,4
24052003,9900,9980,4
24052004,9900,9980,4
24052005,9900,9980,4
24052006,9900,9980,4
24052007,9900,9980,4
24052008,9900,9980,4
24052009,9900,9980,4
24052010,9900,9980,4
24052011,9900,9980,4
24052012,9900,9980,4
24052013,9900,9980,3
24052014,9900,9940,2
24052015,9900,9940,2
24052016,9900,9940,2
24052017,9900,9940,2
24052018,9900,9940,2
24052019,9900,9940,2
24052020,9900,9940,2
24052021,9900,9940,2
24052022,9900,9940,2
24052023,9900,9940,2
24052100,9900,9900,1
24052101,9900,9900,1
24052102,9900,9900,1
24052103,9900,9900,1
24052104,9900,9900,1
24052105,9900,9900,1
24052106,9900,9900,1
24052107,9900,9900,1
24052108,9900,9900,1
24052109,9900,9900,1
24052110,9900,9900,1
24052111,9900,9900,1
24052112,9900,9900,1
24052113,9900,9900,1
24052114,9900,9900,2
24052115,9900,9900,2
24052116,9900,9900,2
24052117,9900,9900,2
24052118,9900,9900,3
24052119,9500,9900,3
24052120,9500,9900,3
24052121,9500,9900,3
24052122,9500,9900,3
24052123,9500,9900,3
24052200,9500,9900,3
24052201,9500,9900,3
24052202,9500,9900,3
24052203,9500,9900,3
24052204,9500,9900,3
24052205,9500,9900,3
24052206,9500,9900,3
24052207,9500,9900,3
24052208,9500,9900,3
24052209,9500,9900,3
24052210,9500,9900,3
24052211,9500,9900,3
24052212,9500,9900,3
24052213,9500,9900,3
24052214,9500,9900,3
24052215,9500,9900,3
24052216,9500,9900,3
24052217,9500,9900,3
24052218,9500,9900,3
24052219,9500,9900,3
24052220,9500,9900,3
24052221,9500,9500,6
24052222,9500,9500,6
24052223,9500,9500,6
24052300,9000,9500,6
24052301,9000,9500,6
24052302,9000,9500,6
24052303,9000,9500,6
24052304,9000,9500,6
24052305,9000,9500,6
24052306,9000,9500,6
24052307,9000,9500,6
24052308,9000,9500,6
24052309,9000,9500,6
24052310,9000,9500,6
24052311,9000,9500,6
24052312,9000,9500,6
24052313,9000,9500,6
24052314,9000,9500,5
24052315,9000,9500,5
24052316,9000,9500,5
24052317,9000,9500,5
24052318,9000,9500,4
24052319,9000,9500,4
24052320,9000,9500,4
24052321,9000,9500,4
24052322,9000,9500,4
24052323,9000,9500,4
24052400,9000,9500,4
24052401,9000,9500,4
24052402,9000,9500,4
24052403,9000,9500,4
24052404,9000,9500,4
24052405,9000,9500,4
24052406,9000,9500,4
24052407,9000,9500,4
24052408,9000,9500,4
24052409,9000,9500,4
24052410,9000,9500,4
24052411,9000,9500,4
24052412,9000,9500,4
24052413,9000,9500,4
24052414,9000,9500,4
24052415,9000,9500,4
24052416,9000,9500,4
24052417,9000,9500,4
24052418,9000,9500,4
24052419,9000,9500,4
24052420,9000,9500,4
24052421,9000,9000,2
24052422,9000,9000,2
24052423,9000,9000,2
24052500,9000,9000,2
24052501,9000,9000,2
24052502,9000,9000,2
24052503,9000,9000,2
24052504,9000,9000,2
24052505,9000,9000,2
24052506,9000,9000,2
24052507,9000,9000,2
24052508,9000,9000,2
24052509,9000,9000,2
24052510,9000,9000,2
24052511,9000,9000,2
24052512,9000,9000,1
24052513,9000,9000,1
24052514,9000,9000,1
24052515,9000,9000,1
24052516,9000,9000,1
24052517,9000,9000,1
24052518,8800,8900,2
24052519,8800,8900,2
24052520,8800,8800,3
24052521,8800,8800,3
24052522,8800,8800,3
24052523,8500,8800,3
24052600,8500,8800,3
24052601,8500,8800,3
24052602,8500,8800,3
24052603,8500,8800,3
24052604,8500,8800,3
24052605,7700,8650,4
24052606,7700,8650,4
24052607,7700,8650,4
24052608,7700,8650,4
24052609,7700,8650,4
24052610,7700,8650,4
24052611,7700,8650,4
24052612,7700,8650,4
24052613,7700,8650,4
24052614,7700,8650,4
24052615,7700,8650,4
24052616,7700,8650,4
24052617,7700,8650,4
24052618,7700,8650,4
24052619,7700,8650,4
24052620,7700,8650,4
24052621,7700,8500,3
24052622,7500,7700,3
24052623,7500,7700,3
24052700,7500,7700,3
24052701,7500,7700,3
24052702,7500,7700,3
24052703,7500,7700,3
24052704,7500,7700,3
24052705,7500,7700,3
24052706,7500,7700,3
24052707,7500,7700,3
24052708,7500,7700,3
24052709,7500,7700,3
24052710,7500,7700,3
24052711,7500,7700,3
24052712,7500,7700,3
24052713,7500,7700,3
24052714,7500,7700,3
24052715,7500,7700,3
24052716,7500,7700,3
24052717,7500,7700,3
24052718,7500,7700,3
24052719,7500,8250,4
24052720,7500,7700,3
24052721,7500,7700,3
24052722,7500,7700,3
24052723,7500,7700,3
24052800,7500,7700,3
24052801,7500,7700,3
24052802,7500,7700,3
24052803,7500,7700,3
24052804,7500,7700,3
24052805,7500,8150,2
24052806,7500,8150,2
24052807,7500,8150,2
24052808,7500,8150,2
24052809,7500,8150,2
24052810,7500,8150,2
24052811,7500,8150,2
24052812,7500,8150,2
24052813,7500,8150,2
24052814,7500,8150,2
24052815,7500,8150,2
24052816,7500,8150,2
24052817,7500,8150,2
24052818,7500,7500,3
24052819,7500,7500,3
24052820,7500,7500,3
24052821,7500,7500,3
24052822,7500,7500,3
24052823,7500,7500,3
24052900,7500,7500,3
24052901,7500,7500,3
24052902,7500,7500,3
24052903,7500,7500,3
24052904,7500,7500,3
24052905,7500,7500,3
24052906,7500,7500,3
24052907,7500,7500,3
24052908,7500,7500,3
24052909,7500,7500,3
24052910,7500,7500,3
24052911,6500,7500,4
24052912,6500,7500,4
24052913,6500,7500,4
24052914,6500,7500,4
24052915,6500,7500,5
24052916,6500,7500,5
24052917,6500,7500,5
24052918,6500,7500,4
24052919,6500,7500,3
24052920,6500,7500,3
24052921,6500,7500,3
24052922,6500,7000,4
24052923,6500,7000,4
24053006,6500,7000,4
24053007,6500,7000,4
24053008,6500,7000,4
24053009,6500,7000,4
24053010,6500,7000,4
24053011,6500,6500,3
24053012,6500,6500,3
24053013,6500,6500,3
24053014,6500,6500,3
24053015,6500,6500,3
24053016,6500,6500,3
24053017,6500,6500,3
24053018,6500,6500,2
24053019,6500,6500,2
24053020,6500,6500,2
24053021,6500,6500,2
24053022,6500,6500,2
24053023,6500,6500,2
24053100,6500,6500,2
24053101,6500,6500,2
24053102,6500,6500,2
24053103,6500,6500,2
24053104,6500,6500,2
24053105,6500,6500,2
24053106,6500,6500,2
24053107,6500,6500,2
24053108,6500,6500,2
24053109,6500,6500,2
24053110,6500,6500,2
24053111,6500,6500,2
24053112,6500,6500,2
24053113,6500,6500,2
24053114,6500,6500,2
24053115,6500,6500,1
24053116,6500,6500,1
24053117,6500,6500,1
24053118,6500,6500,1
24053119,6500,6500,1
24053120,6500,6500,1
24053121,6500,6500,1
24060112,12500,12500,1
24060113,12500,12500,1
24060114,12500,12500,1
24060115,12500,12500,1
24060116,12500,12500,1
24060117,12500,12500,1
24060118,12500,12500,1
24060119,12500,12500,1
24060120,12500,12500,2
24060121,12500,12500,2
24060122,12500,12500,2
24060123,10100,11300,2
24060200,10100,11300,2
24060201,10100,11300,2
24060202,10100,11300,2
24060203,10100,11300,2
24060204,10100,11300,2
24060205,10100,11300,2
24060206,10100,11300,2
24060207,10100,11300,2
24060208,10100,11300,2
24060209,10100,11300,2
24060210,10100,11300,2
24060211,10100,11300,2
24060212,10100,11300,2
24060213,10100,11300,2
24060214,10100,11300,2
24060215,10100,11300,2
24060216,10100,11300,2
24060217,10100,11300,2
24060218,10100,11300,2
24060219,10100,11300,2
24060220,10100,11300,2
24060221,10100,11300,2
24060222,10100,10100,3
24060223,10100,10100,3
24060300,10100,10100,3
24060301,10100,10100,3
24060302,10100,10100,3
24060303,10100,10100,3
24060304,10100,10100,3
24060305,10100,10100,3
24060306,10100,10100,3
24060307,10100,10100,3
24060308,10100,10100,3
24060309,10100,10100,3
24060310,10100,10100,3
24060311,10100,10100,3
24060312,10100,10100,3
24060313,10100,10100,3
24060314,10000,10100,4
24060315,10000,10100,4
24060316,10000,10100,4
24060317,10000,10100,4
24060318,10000,10100,4
24060319,10000,10100,4
24060320,10000,10100,3
24060321,10000,10100,3
24060322,10000,10000,3
24060323,10000,10000,3
24060400,10000,10000,3
24060401,10000,10000,3
24060402,10000,10000,3
24060403,10000,10000,3
24060404,10000,10000,3
24060405,10000,10000,3
24060406,10000,10000,3
24060407,10000,10000,3
24060408,10000,10000,3
24060409,10000,10000,3
24060410,10000,10000,3
24060411,10000,10000,3
24060412,10000,10000,3
24060413,10000,10000,3
24060414,10000,10000,3
24060415,10000,10000,3
24060416,10000,10000,3
24060417,10000,10000,3
24060418,10000,10000,3
24060419,10000,10000,3
24060420,10000,10000,4
24060421,10000,10000,6
24060422,10000,10000,6
24060423,10000,10000,6
24060500,10000,10000,6
24060501,10000,10000,6
24060502,10000,10000,6
24060503,10000,10000,6
24060504,10000,10000,6
24060505,10000,10000,6
24060506,10000,10000,6
24060507,10000,10000,6
24060508,10000,10000,6
24060509,10000,10000,6
24060510,10000,10000,6
24060511,10000,10000,5
24060512,8500,10000,6
24060513,8500,10000,6
24060514,8500,10000,5
24060515,8500,10000,5
24060516,8500,10000,6
24060517,8500,10000,7
24060518,8500,10000,7
24060519,8500,10000,7
24060520,8500,9250,6
24060521,8500,9250,6
24060522,8500,9250,6
24060523,8500,9250,6
24060600,8500,9250,6
24060601,8500,9250,6
24060602,8500,9250,6
24060603,8500,9250,6
24060604,8500,9250,6
24060605,8500,8500,7
24060606,8500,8500,7
24060607,8500,8500,7
24060608,8500,8500,7
24060609,8500,9250,6
24060610,8500,9250,6
24060611,8500,9250,6
24060612,8500,9250,6
24060613,8500,9250,6
24060614,8500,9250,6
24060615,8500,9250,6
24060616,8500,9250,6
24060617,8500,9250,6
24060618,8500,9250,6
24060619,8500,9250,6
24060620,8500,9250,6
24060621,8500,8500,3
24060622,8500,8500,3
24060623,8500,8500,3
24060700,8500,8500,3
24060701,8500,8500,3
24060702,8500,8500,3
24060703,8500,8500,3
24060704,8500,8500,3
24060705,8500,8500,3
24060706,8500,8500,3
24060707,8500,8500,3
24060708,8500,8500,3
24060709,8500,8500,3
24060710,8500,8500,3
24060711,8500,8500,3
24060712,8500,8500,3
24060713,8500,8500,3
24060714,8500,8500,3
24060715,8500,8500,3
24060716,8500,8500,2
24060717,7500,8000,2
24060718,7500,8000,2
24060719,7500,8000,2
24060720,7500,8000,2
24060721,7500,8000,2
24060722,7500,8000,2
24060723,7500,8000,2
24060800,7500,8000,2
24060801,7500,8000,2
24060802,7500,8000,2
24060803,7500,8000,2
24060804,7500,8000,2
24060805,7500,7500,1
24060806,7500,7500,1
24060807,7500,7500,1
24060808,7500,7500,1
24060809,7500,7500,1
24060810,6500,7000,2
24060811,6500,7000,2
24060812,6500,7000,2
24060813,6500,7000,2
24060814,6500,7000,2
24060815,5900,6200,2
24060816,5900,6200,2
24060817,5900,5900,3
24060818,5900,5900,3
24060819,5900,5900,3
24060820,5900,5900,3
24060821,10,5900,4
24060822,5900,5900,3
24060823,5500,5900,4
24060900,5500,5900,4
24060901,5500,5900,4
24060902,5500,5900,4
24060903,5500,5900,4
24060904,5500,5900,4
24060905,5500,5900,4
24060906,5500,5900,4
24060907,5500,5900,4
24060908,5500,5900,4
24060909,5500,5900,4
24060910,5500,5900,3
24060911,5500,5900,3
24060912,5500,5900,3
24060913,5500,5900,3
24060914,5500,5700,4
24060915,5500,5500,3
24060916,5500,5500,3
24060917,5500,5500,3
24060918,5500,5500,3
24060919,5000,5500,3
24060920,3300,5250,4
24060921,3300,5250,4
24060922,2500,4400,4
24060923,2500,4400,4
24061000,2500,4400,4
24061001,2500,4400,4
24061002,2500,4400,4
24061003,2500,4400,4
24061004,2500,4400,4
24061005,2500,4400,4
24061006,2500,4400,4
24061007,2500,4400,4
24061008,2500,4400,4
24061009,2500,3300,5
24061010,2500,3300,5
24061011,2500,3300,5
24061012,2500,3300,5
24061013,2500,3300,5
24061014,2500,2900,6
24061015,2500,2900,6
24061016,2500,2900,6
24061017,2500,2500,6
24061018,2500,2500,7
24061019,2500,2500,7
24061020,2500,2500,6
24061021,1900,2500,7
24061022,1700,2500,7
24061023,1200,2500,8
24061100,1200,2500,8
24061101,1200,2500,8
24061102,1200,2500,7
24061103,1200,2500,7
24061104,1200,2500,7
24061105,1200,2500,7
24061106,1200,2500,7
24061107,1200,2500,7
24061108,1200,2500,7
24061109,1200,2500,7
24061110,1200,2500,7
24061111,1200,2500,6
24061112,1200,2500,6
24061113,1200,2500,6
24061114,1200,2500,6
24061115,1200,2200,6
24061116,1200,1900,7
24061117,1200,1900,7
24061118,1200,1900,7
24061119,1200,1550,6
24061120,1200,1550,6
24061121,1200,1200,5
24061122,1200,1200,5
24061123,1200,1850,4
24061200,1000,1200,5
24061201,1000,1200,5
24061202,1000,1200,5
24061203,1000,1200,5
24061204,1000,1200,5
24061205,1000,1200,5
24061206,1000,1200,5
24061207,1000,1200,5
24061208,1000,1850,6
24061209,1000,1850,6
24061210,1000,1200,5
24061211,1000,1200,5
24061212,1000,1200,5
24061213,1000,1200,5
24061214,1000,1200,5
24061215,1000,1200,5
24061216,1000,1200,5
24061217,1000,1200,4
24061218,1000,1200,4
24061219,1000,1200,4
24061220,1000,1200,4
24061221,1000,1200,4
24061222,1000,1200,4
24061223,1000,1200,4
24061300,1200,1200,3
24061301,1200,1200,3
24061302,1200,1200,3
24061303,1200,1200,3
24061304,1200,1200,3
24061305,1200,1200,3
24061306,1200,1200,3
24061307,1200,1200,3
24061308,1200,1200,3
24061309,1200,1200,3
24061310,1200,1200,5
24061311,1200,1200,5
24061312,1200,1200,5
24061313,1200,1200,5
24061314,1200,1200,5
24061315,1200,1200,4
24061316,1200,1200,4
24061317,1200,1200,5
24061318,1200,1200,5
24061319,1200,1200,5
24061320,1200,1200,5
24061321,1200,1200,6
24061322,1200,1200,6
24061323,1200,1200,6
24061400,1200,1200,6
24061401,1200,1200,6
24061402,1200,1200,6
24061403,1200,1200,6
24061404,1200,1200,6
24061405,1200,1200,6
24061406,1200,1200,6
24061407,1200,1200,5
24061408,1200,1200,5
24061409,1200,1200,5
24061410,1200,1200,3
24061411,1200,1200,3
24061412,1200,1200,3
24061413,1200,1200,3
24061414,1200,1200,3
24061415,1200,1200,3
24061416,1200,1200,3
24061417,1200,1200,3
24061418,1200,1200,3
24061419,1200,1200,3
24061420,1200,1200,3
24061421,1200,1200,3
24061422,1200,1200,3
24061423,1200,1200,3
24061500,1200,1200,3
24061501,1200,1200,3
24061502,1200,1200,3
24061503,1200,1200,3
24061504,1200,1200,3
24061505,1200,1200,3
24061506,1200,1200,3
24061507,1200,1200,3
24061508,1200,1200,3
24061509,1200,1200,3
24061510,1200,1200,3
24061511,1200,1200,3
24061512,1200,1200,3
24061513,1200,1200,3
24061514,1200,1200,3
24061515,1200,1200,3
24061516,1200,1200,3
24061517,1200,1200,2
24061518,1200,1200,2
24061519,1200,1200,3
24061520,1200,1200,3
24061521,1200,1200,2
24061522,1200,1200,2
24061523,1200,1200,2
24061600,1200,1200,2
24061601,1200,1200,2
24061602,1200,1200,2
24061603,1200,1200,2
24061604,1200,1200,2
24061605,1200,1200,2
24061606,1200,1200,2
24061607,1200,1200,2
24061608,1200,1200,2
24061609,1200,1200,2
24061610,1200,1200,2
24061611,1200,1200,2
24061612,1200,1200,2
24061613,1200,1200,2
24061614,1200,1200,2
24061615,1200,1200,2
24061616,1200,1200,2
24061617,1200,1200,2
24061618,1200,1200,2
24061619,1200,1200,3
24061620,1200,1200,3
24061621,1200,1200,3
24061622,1200,1200,3
24061623,1200,1200,2
24061700,1200,1200,2
24061701,1200,1200,2
24061702,1200,1200,2
24061703,1200,1200,2
24061704,1200,1200,2
24061705,1200,1200,2
24061706,1200,1200,2
24061707,1200,1200,2
24061708,1200,1200,2
24061709,1200,1200,2
24061710,1200,1200,2
24061711,1200,1200,2
24061712,1200,1200,2
24061713,1200,1200,2
24061714,1200,1200,2
24061715,1200,1200,2
24061716,1200,1200,2
24061717,1200,1200,2
24061718,1200,1200,2
24061719,1200,1200,1
24061720,1200,1200,1
24061721,1200,1200,1
24061722,1200,1200,1
24061723,1200,1200,1
24061800,1200,1200,1
24061801,1200,1200,1
24061802,1200,1200,1
24061803,1200,1200,1
24061804,1200,1200,1
24061805,1200,1200,1
24061806,1200,1200,1
24061807,1200,1200,1
24061808,1200,1200,1
24061809,1200,1200,1
24061810,1200,1200,1
24061811,1200,1200,1
24061812,1200,1200,2
24061813,1200,1200,2
24061814,1200,1200,3
24061815,1200,1200,3
24061816,1200,1200,3
24061817,1200,1200,3
24061818,1200,1200,3
24061819,1200,1200,3
24061820,1200,1200,3
24061821,1200,1200,2
24061822,1200,1200,2
24061823,1200,1200,2
24061900,1200,1200,2
24061901,1200,1200,2
24061902,1200,1200,2
24061903,1200,1200,2
24061904,1200,1200,2
24061905,1200,1200,2
24061906,1200,1200,2
24061907,1200,1200,2
24061908,1200,1200,2
24061909,1200,1200,2
24061910,1200,1200,2
24061911,1200,1200,2
24061912,1200,1200,4
24061913,1200,1200,4
24061914,1200,1200,4
24061915,1200,1200,4
24061916,1200,1200,4
24061917,1200,1200,4
24061918,1200,1200,4
24061919,1200,1200,4
24061920,1200,1200,4
24061921,1200,1200,4
24061922,1200,1200,4
24061923,1200,1200,4
24062000,1200,1200,4
24062001,1200,1200,4
24062002,1200,1200,4
24062003,1200,1200,4
24062004,1200,1200,4
24062005,1200,1200,4
24062006,1200,1200,4
24062007,1200,1200,4
24062008,1200,1200,4
24062009,1200,1200,4
24062010,1200,1200,4
24062011,1200,1200,4
24062012,1200,1200,3
24062013,1200,1200,3
24062014,1200,1200,2
24062015,1200,1200,2
24062016,1200,1200,2
24062017,1200,1200,3
24062018,1200,1200,3
24062019,1200,1200,3
24062020,1200,1200,3
24062021,1200,1200,3
24062022,1200,1200,3
24062023,1200,1200,3
24062100,1200,1200,3
24062101,1200,1200,3
24062102,1200,1200,3
24062103,1200,1200,3
24062104,1200,1200,3
24062105,1200,1200,3
24062106,1200,1200,3
24062107,1200,1200,3
24062108,1200,1200,3
24062109,1200,1200,3
24062110,1200,1200,3
24062111,1200,1200,3
24062112,1200,1200,2
24062113,1200,1200,1
24062114,1200,1200,1
24062115,1200,1200,1
24062116,1200,1200,1
24062117,1200,1200,1
24062118,1200,1200,2
24062119,1200,1200,2
24062120,1200,1200,2
24062121,1200,1200,2
24062122,1200,1200,2
24062123,1200,1200,3
24062200,1200,1200,3
24062201,1200,1200,3
24062202,1200,1200,3
24062203,1200,1200,3
24062204,1200,1200,3
24062205,1200,1200,3
24062206,1200,1200,4
24062207,1200,1200,4
24062208,1200,1200,4
24062209,1200,1200,4
24062210,1200,1200,4
24062211,1200,1200,4
24062212,1200,1200,4
24062213,1200,1200,4
24062214,1200,1200,4
24062215,1200,1200,4
24062216,1200,1200,4
24062217,1200,1200,3
24062218,1200,1200,3
24062219,1200,1200,3
24062220,1200,1200,3
24062221,1200,1200,3
24062222,1200,1200,3
24062223,1200,1200,2
24062300,1200,1200,2
24062301,1200,1200,2
24062302,1200,1200,2
24062303,1200,1200,2
24062304,1200,1200,2
24062305,1200,1200,2
24062306,1200,1200,2
24062307,1200,1200,2
24062308,1200,1200,2
24062309,1200,1200,2
24062310,1200,1200,2
24062311,1200,1200,2
24062312,1200,1200,2
24062313,1200,1200,2
24062314,1200,1200,2
24062315,1200,1200,2
24062316,1200,1200,2
24062317,1200,1200,2
24062318,1200,1200,1
24062319,1200,1200,1
24062320,1200,1200,1
24062321,1200,1200,1
24062322,1200,1200,1
24062323,1200,1200,1
24062400,1200,1200,1
24062401,1200,1200,1
24062402,1200,1200,1
24062403,1200,1200,1
24062404,1200,1200,1
24062405,1200,1200,1
24062613,1200,1200,1
24062614,1200,1200,1
24062615,1200,1200,1
24062616,1200,1200,1
24062617,1200,1200,1
24062618,1200,1200,1
24062619,1200,1200,1
24062620,1200,1200,1
24062621,1200,1200,1
24062622,1200,1200,1
24062623,1200,1200,1
24062700,1200,1200,1
24062701,1200,1200,1
24062702,1200,1200,1
24062703,1200,1200,1
24062704,1200,1200,1
24062705,1200,1200,1
24062706,1200,1200,1
24062707,1200,1200,1
24062708,1200,1200,1
24062709,1200,1200,1
24062710,1200,1200,1
24062711,1200,1200,2
24062712,1200,1200,2
24062713,1200,1200,2
24062714,1200,1200,2
24062715,1200,1200,3
24062716,1200,1200,3
24062717,1200,1200,3
24062718,1200,1200,3
24062719,1200,1200,3
24062720,1200,1200,3
24062721,1200,1200,3
24062722,1200,1200,3
24062723,1200,1200,3
24062800,1200,1200,3
24062801,1200,1200,3
24062802,1200,1200,3
24062803,1200,1200,3
24062804,1200,1200,3
24062805,1200,1200,3
24062806,1200,1200,3
24062807,1200,1200,3
24062808,1200,1200,3
24062809,1200,1200,3
24062810,1200,1200,3
24062811,1200,1200,3
24062812,1200,1200,3
24062813,1200,1200,3
24062814,1200,1200,3
24062815,1200,1200,3
24062816,1200,1200,3
24062817,1200,1200,3
24062818,1200,1200,3
24062819,1200,1200,3
24062820,1200,1200,3
24062821,1200,1200,3
24062822,1200,1200,3
24062823,1200,1200,3
24062900,1200,1200,3
24062901,1200,1200,3
24062902,1200,1200,3
24062903,1200,1200,3
24062904,1200,1200,3
24062905,1200,1200,3
24062906,1200,1200,3
24062907,1200,1200,3
24062908,1200,1200,3
24062909,1200,1200,3
24062910,1200,1200,3
24062911,1200,1200,3
24062912,1200,1200,3
24062913,1200,1200,3
24062914,1200,1200,3
24062915,1200,1200,3
24062916,1200,1200,3
24062917,1200,1200,3
24062918,1200,1200,3
24062919,1200,1200,3
24062920,1200,1200,3
24062921,1200,1200,3
24062922,1200,1200,3
24062923,1200,1200,3
24063000,1200,1200,3
24063001,1200,1200,3
24063002,1200,1200,3
24063003,1200,1200,3
24063004,1200,1200,3
24063005,1200,1200,3
24063006,1200,1200,3
24063007,1200,1200,3
24063008,1200,1200,3
24063009,1200,1200,3
24063010,1200,1200,3
24063011,1200,1200,3
24063012,1200,1200,3
24063013,1200,1200,3
24063014,1200,1200,3
24063015,1200,1200,3
24063016,1200,1200,3
24063017,1200,1200,3
24063018,1200,1200,3
